{
	"format_version": "1.8.0",
	"animations": {
		"SWING": {
			"animation_length": 2.55,
			"bones": {
				"right_arm": {
					"rotation": {
						"0.0": {
							"post": {
								"vector": [0, 0, 0]
							},
							"lerp_mode": "catmullrom"
						},
						"0.6": {
							"vector": [-191.97036, 45.18665, -44.81213]
						},
						"0.8": {
							"vector": [-201.97036, 45.18665, -44.81213]
						},
						"0.85": {
							"vector": [-176.53078, 41.94762, -46.65161]
						},
						"0.9": {
							"vector": [-95.00683, 31.30233, -54.61941]
						},
						"0.95": {
							"vector": [32.18142, 14.33401, -68.37167]
						},
						"1.0": {
							"vector": [132.69574, 0.1404, -80.58399]
						},
						"1.05": {
							"vector": [157.45334, -3.56809, -87.1976]
						},
						"1.1": {
							"vector": [169.4084, -4.09511, -89.03945]
						},
						"1.15": {
							"vector": [177.27754, -3.58758, -88.44454]
						},
						"1.2": {
							"vector": [182.88202, -2.60778, -86.5326]
						},
						"1.25": {
							"vector": [186.99277, -1.45574, -84.05707]
						},
						"1.3": {
							"vector": [190.05934, -0.39807, -81.73379]
						},
						"1.35": {
							"vector": [192.69574, 0.1404, -80.58399]
						},
						"1.4": {
							"vector": [194.79288, 0.1404, -80.91894]
						},
						"1.45": {
							"vector": [196.11344, 0.1404, -81.54805]
						},
						"1.5": {
							"vector": [197.05053, 0.1404, -82.23328]
						},
						"1.55": {
							"vector": [197.63553, 0.1404, -82.85564]
						},
						"1.6": {
							"vector": [197.81838, 0.1404, -83.30788]
						},
						"1.65": {
							"vector": [197.46158, 0.1404, -83.43982]
						},
						"1.7": {
							"vector": [196.21938, 0.1404, -82.94094]
						},
						"1.75": {
							"vector": [192.69574, 0.1404, -80.58399]
						},
						"1.8": {
							"vector": [181.57599, -1.00528, -78.34516]
						},
						"1.85": {
							"vector": [165.76169, -4.32188, -79.29387]
						},
						"1.9": {
							"vector": [150.7367, -8.64109, -81.22884]
						},
						"1.95": {
							"vector": [140.26972, -11.95769, -82.9397]
						},
						"2.0": {
							"pre": {
								"vector": [136.51369, -13.10337, -83.64443]
							},
							"post": {
								"vector": [136.51369, -13.10337, -83.64443]
							},
							"lerp_mode": "catmullrom"
						},
						"2.25": {
							"post": {
								"vector": [0, 0, 0]
							},
							"lerp_mode": "catmullrom"
						}
					},
					"position": {
						"0.0": {
							"post": {
								"vector": [0, 0, 0]
							},
							"lerp_mode": "catmullrom"
						},
						"0.25": {
							"post": {
								"vector": [-3.872, 1.042, 0.694]
							},
							"lerp_mode": "catmullrom"
						},
						"0.6": {
							"vector": [-4.2, 3.6, 2.4]
						},
						"0.8": {
							"vector": [-4.2, 3.6, 2.4]
						},
						"0.85": [-3.7, 2.7, 1.8],
						"0.9": {
							"vector": [-3.2, 1.8, 1.2]
						},
						"0.95": {
							"vector": [-2.2, 1.8, -3.8]
						},
						"1.0": {
							"vector": [3.2, 1.2, -6.2]
						},
						"1.05": [5.7, 0.7, -6.2],
						"1.1": {
							"vector": [8.2, 0.2, -6.2]
						},
						"1.15": [8.2, 0.20797, -6.2],
						"1.7": [8.2, 0.39203, -6.2],
						"1.75": {
							"vector": [8.2, 0.4, -6.2]
						},
						"1.8": [7.79784, 0.38038, -5.89593],
						"1.85": [7.0275, 0.3428, -5.31348],
						"1.9": [6.10976, 0.29804, -4.61957],
						"1.95": [5.12018, 0.24976, -3.87135],
						"2.05": [3.07982, 0.15024, -2.32865],
						"2.1": [2.09024, 0.10196, -1.58043],
						"2.15": [1.1725, 0.0572, -0.88652],
						"2.2": [0.40216, 0.01962, -0.30407],
						"2.25": {
							"pre": {
								"vector": [0, 0, 0]
							},
							"post": {
								"vector": [0, 0, 0]
							},
							"lerp_mode": "catmullrom"
						}
					}
				},
				"torso": {
					"rotation": {
						"0.0": {
							"post": {
								"vector": [0, 0, 0]
							},
							"lerp_mode": "catmullrom"
						},
						"0.6": {
							"post": {
								"vector": [25, 45, 10]
							},
							"lerp_mode": "catmullrom"
						},
						"0.8": {
							"post": {
								"vector": [25, 45, 10]
							},
							"lerp_mode": "catmullrom"
						},
						"1.0": {
							"post": {
								"vector": [0, -30, 0]
							},
							"lerp_mode": "catmullrom"
						},
						"1.75": {
							"post": {
								"vector": [0, -30, 0]
							},
							"lerp_mode": "catmullrom"
						},
						"2.25": {
							"post": {
								"vector": [0, 0, 0]
							},
							"lerp_mode": "catmullrom"
						}
					}
				}
			},
			"sound_effects": {
				"0.65": {
					"effect": "d6_sfx_obsidianclaymoresword_combo1001"
				}
			}
		}
	},
	"geckolib_format_version": 2
}